No,Product ID,SKU,Product Name,Category,GSM,Size,Printing Type,Sides,Cost Slab Count
1,u9z9m7jw8pu2f65og1wozz1g,PW100,ACRYLIC PAPER WEIGHT,ACRYLIC PAPER WEIGHT,70,2*3,DIGITAL,DOUBLE_SIDE,3
2,orqn3xc6ldcv3y0hgxc6jb9d,PW101,ACRYLIC PAPER WEIGHT,ACRYLIC PAPER WEIGHT,70,2*3,DIGITAL,DOUBLE_SIDE,3
3,m5pziwkbwmql8bvpfy9ofqex,PW102,ACRYLIC PAPER WEIGHT,ACRYLIC PAPER WEIGHT,70,2*3,DIGITAL,DOUBLE_SIDE,3
4,m17v7shi9pmv8cjqikljyhl4,PW103,ACRYLIC PAPER WEIGHT,ACRYLIC PAPER WEIGHT,70,2*3,DIGITAL,DOUBLE_SIDE,3
5,xz29o2lrbagkmqdtzpdr3xdw,PW104,ACRYLIC PAPER WEIGHT,ACRYLIC PAPER WEIGHT,70,2*3,DIGITAL,DOUBLE_SIDE,3
6,g6k2fvpmf22j81ooe578c8iu,PW94,ACRYLIC PAPER WEIGHT,ACRYLIC PAPER WEIGHT,70,2*3,DIGITAL,DOUBLE_SIDE,4
7,r9rqp26v7njhldo131y3p61f,PW95,ACRYLIC PAPER WEIGHT,ACRYLIC PAPER WEIGHT,70,2*3,DIGITAL,DOUBLE_SIDE,4
8,dujdwj489mawo06a7qncchfk,PW96,ACRYLIC PAPER WEIGHT,ACRYLIC PAPER WEIGHT,70,2*3,DIGITAL,DOUBLE_SIDE,4
9,d1fv8jd9pmv7526wijwcdf1e,PW97,ACRYLIC PAPER WEIGHT,ACRYLIC PAPER WEIGHT,70,2*3,DIGITAL,DOUBLE_SIDE,3
10,on6xsg28289w7cwvj75f3rbq,PW98,ACRYLIC PAPER WEIGHT,ACRYLIC PAPER WEIGHT,70,2*3,DIGITAL,DOUBLE_SIDE,3
11,gnkddc5ljavihalm3s0hp9jh,PW99,ACRYLIC PAPER WEIGHT,ACRYLIC PAPER WEIGHT,70,2*3,DIGITAL,DOUBLE_SIDE,3
12,txzn7uyfg66knzumlh0nnnwk,PW1,PLASTIC PAPER WEIGHT,ACRYLIC PAPER WEIGHT,70,2*3,DIGITAL,DOUBLE_SIDE,3
13,wi5nr1jjau730m1nagrz0njt,PW10,PLASTIC PAPER WEIGHT,ACRYLIC PAPER WEIGHT,70,2*3,DIGITAL,DOUBLE_SIDE,3
14,erkd4p8puei7qdlhjtewyj4c,PW11,PLASTIC PAPER WEIGHT,ACRYLIC PAPER WEIGHT,70,2*3,DIGITAL,DOUBLE_SIDE,3
15,d4i0q9d6ypn4nuuy36722vpp,PW12,PLASTIC PAPER WEIGHT,ACRYLIC PAPER WEIGHT,70,2*3,DIGITAL,DOUBLE_SIDE,3
16,u4joftg1una5txy6twrdj4g6,PW13,PLASTIC PAPER WEIGHT,ACRYLIC PAPER WEIGHT,70,2*3,DIGITAL,DOUBLE_SIDE,3
17,i8tv34btgglsu0xro5pmi9ol,PW14,PLASTIC PAPER WEIGHT,ACRYLIC PAPER WEIGHT,70,2*3,DIGITAL,DOUBLE_SIDE,3
18,rokcmf7bfiuwrpzfzj1kl70c,PW15,PLASTIC PAPER WEIGHT,ACRYLIC PAPER WEIGHT,70,2*3,DIGITAL,DOUBLE_SIDE,3
19,cbwhfrjwlglsxrs8e0p6j5k7,PW16,PLASTIC PAPER WEIGHT,ACRYLIC PAPER WEIGHT,70,2*3,DIGITAL,DOUBLE_SIDE,3
20,xxeuacw0fc3v5exwakttc8m1,PW17,PLASTIC PAPER WEIGHT,ACRYLIC PAPER WEIGHT,70,2*3,DIGITAL,DOUBLE_SIDE,3
21,v0r5g8yvpubb017ficqh5iv9,PW18,PLASTIC PAPER WEIGHT,ACRYLIC PAPER WEIGHT,70,2*3,DIGITAL,DOUBLE_SIDE,3
22,jzco5666wmb7joi62i0ot7ir,PW19,PLASTIC PAPER WEIGHT,ACRYLIC PAPER WEIGHT,70,2*3,DIGITAL,DOUBLE_SIDE,3
23,lnna3rm8dxie4upzn4wwirw0,PW2,PLASTIC PAPER WEIGHT,ACRYLIC PAPER WEIGHT,70,2*3,DIGITAL,DOUBLE_SIDE,3
24,zwhvtmij212ihnb4dqjh1p7q,PW20,PLASTIC PAPER WEIGHT,ACRYLIC PAPER WEIGHT,70,2*3,DIGITAL,DOUBLE_SIDE,3
25,i9160lgugvz5bab7ol1xzs5y,PW21,PLASTIC PAPER WEIGHT,ACRYLIC PAPER WEIGHT,70,2*3,DIGITAL,DOUBLE_SIDE,3
26,i66q9e2t5rlwep7l3x5nd13w,PW22,PLASTIC PAPER WEIGHT,ACRYLIC PAPER WEIGHT,70,2*3,DIGITAL,DOUBLE_SIDE,3
27,ye2pxe5jsdtd1ian1oof9e4p,PW23,PLASTIC PAPER WEIGHT,ACRYLIC PAPER WEIGHT,70,2*3,DIGITAL,DOUBLE_SIDE,3
28,oznf0x9kafa5ekgfdp3pzrfr,PW24,PLASTIC PAPER WEIGHT,ACRYLIC PAPER WEIGHT,70,2*3,DIGITAL,DOUBLE_SIDE,3
29,f7zy899a3p02wj27s5qfskae,PW25,PLASTIC PAPER WEIGHT,ACRYLIC PAPER WEIGHT,70,2*3,DIGITAL,DOUBLE_SIDE,3
30,eto9a0nscbjweoailix35w65,PW26,PLASTIC PAPER WEIGHT,ACRYLIC PAPER WEIGHT,70,2*3,DIGITAL,DOUBLE_SIDE,3
31,b40dgozuol7dxujx80ygtvmo,PW27,PLASTIC PAPER WEIGHT,ACRYLIC PAPER WEIGHT,70,2*3,DIGITAL,DOUBLE_SIDE,3
32,o8f87m0g1omzhuw2hi7kcfh9,PW28,PLASTIC PAPER WEIGHT,ACRYLIC PAPER WEIGHT,70,2*3,DIGITAL,DOUBLE_SIDE,3
33,k6ob3o7713wwccabunhg2av9,PW29,PLASTIC PAPER WEIGHT,ACRYLIC PAPER WEIGHT,70,2*3,DIGITAL,DOUBLE_SIDE,3
34,d8n077kr97e32cze8vm8u229,PW3,PLASTIC PAPER WEIGHT,ACRYLIC PAPER WEIGHT,70,2*3,DIGITAL,DOUBLE_SIDE,3
35,js0xjzpilgjc941ywvzvrfrm,PW30,PLASTIC PAPER WEIGHT,ACRYLIC PAPER WEIGHT,70,2*3,DIGITAL,DOUBLE_SIDE,3
36,pqfxvsz04xt6tynzkor7gorh,PW31,PLASTIC PAPER WEIGHT,ACRYLIC PAPER WEIGHT,70,2*3,DIGITAL,DOUBLE_SIDE,3
37,uzcyoizkisec2zbb0rmirov0,PW32,PLASTIC PAPER WEIGHT,ACRYLIC PAPER WEIGHT,70,2*3,DIGITAL,DOUBLE_SIDE,3
38,x6wvxni9n5exrc9f8e2jl72y,PW33,PLASTIC PAPER WEIGHT,ACRYLIC PAPER WEIGHT,70,2*3,DIGITAL,DOUBLE_SIDE,3
39,h00twgghzdz2ljp04f7zoc7t,PW34,PLASTIC PAPER WEIGHT,ACRYLIC PAPER WEIGHT,70,2*3,DIGITAL,DOUBLE_SIDE,3
40,dhoh0q8hqna92560n0g42tje,PW35,PLASTIC PAPER WEIGHT,ACRYLIC PAPER WEIGHT,70,2*3,DIGITAL,DOUBLE_SIDE,3
41,lu0b24swpjm9sczn1ftgwgur,PW36,PLASTIC PAPER WEIGHT,ACRYLIC PAPER WEIGHT,70,2*3,DIGITAL,DOUBLE_SIDE,3
42,hthcqu3f8xddb4a13l6896de,PW37,PLASTIC PAPER WEIGHT,ACRYLIC PAPER WEIGHT,70,2*3,DIGITAL,DOUBLE_SIDE,3
43,rf92w2sp4zye43f7rsdfmeqz,PW38,PLASTIC PAPER WEIGHT,ACRYLIC PAPER WEIGHT,70,2*3,DIGITAL,DOUBLE_SIDE,3
44,ztbu39plnb0osm1uipboqh73,PW39,PLASTIC PAPER WEIGHT,ACRYLIC PAPER WEIGHT,70,2*3,DIGITAL,DOUBLE_SIDE,3
45,ra3yuix5gcad3lp6qccj9mrt,PW4,PLASTIC PAPER WEIGHT,ACRYLIC PAPER WEIGHT,70,2*3,DIGITAL,DOUBLE_SIDE,3
46,shteei1xna0tkildppmq9elu,PW40,PLASTIC PAPER WEIGHT,ACRYLIC PAPER WEIGHT,70,2*3,DIGITAL,DOUBLE_SIDE,3
47,opwmjduc4sibv9i11xygaju6,PW41,PLASTIC PAPER WEIGHT,ACRYLIC PAPER WEIGHT,70,2*3,DIGITAL,DOUBLE_SIDE,3
48,zm3zkq78dfcymnhetyagb44r,PW5,PLASTIC PAPER WEIGHT,ACRYLIC PAPER WEIGHT,70,2*3,DIGITAL,DOUBLE_SIDE,3
49,n9zmqcjk1p6oc96nv8ct3syn,PW6,PLASTIC PAPER WEIGHT,ACRYLIC PAPER WEIGHT,70,2*3,DIGITAL,DOUBLE_SIDE,3
50,z5oln24kiqzxfplyypcismjd,PW7,PLASTIC PAPER WEIGHT,ACRYLIC PAPER WEIGHT,70,2*3,DIGITAL,DOUBLE_SIDE,3
51,hjsrlefsi106ut9drwe40o7g,PW8,PLASTIC PAPER WEIGHT,ACRYLIC PAPER WEIGHT,70,2*3,DIGITAL,DOUBLE_SIDE,3
52,nbggd5zhtszlkz3d1swwqu29,PW9,PLASTIC PAPER WEIGHT,ACRYLIC PAPER WEIGHT,70,2*3,DIGITAL,DOUBLE_SIDE,3
53,cmolfs32y00zoouqm3mn841w2,BB100811,BILL BOOK,BILL BOOK,100,8.5*11,OFFSET,DOUBLE_SIDE,0
54,cmolfrnmz00y1ouqm45f3tn1n,BB7058,BILL BOOK,BILL BOOK,70,5.5*8.5,OFFSET,SINGLE_SIDE,1
55,cmolfrnwk00y2ouqmy9zdgk38,BB70811,BILL BOOK,BILL BOOK,70,8.5*11,OFFSET,SINGLE_SIDE,0
56,cmolfsatd010gouqmpxfh31u3,BX250,BOX,BOX,250,6*4*2,OFFSET,SINGLE_SIDE,1
57,cmolfs9su010bouqm05t0bs46,CL1301117P3,CALENDER,CALENDER,130,11*17,OFFSET,DOUBLE_SIDE,1
58,cmolfs9410109ouqmd6l03znr,CL1301117P6,CALENDER,CALENDER,130,11*17,OFFSET,DOUBLE_SIDE,2
59,cmolfs7bg0103ouqmzmu4r9qo,CL1301722P1,CALENDER,CALENDER,130,17*22,OFFSET,SINGLE_SIDE,3
60,cmolfsa20010couqmw66p3k7n,CL1301722P3,CALENDER,CALENDER,130,17*22,OFFSET,DOUBLE_SIDE,1
61,cmolfs6sv0101ouqmsg24xujn,CL1302030,CALENDER,CALENDER,130,20*30,OFFSET,DOUBLE_SIDE,1
62,cmolfs9jg010aouqmh2aq8dbw,CL1701722P1,CALENDER,CALENDER,170,17*22,OFFSET,SINGLE_SIDE,4
63,cmolfs83m0106ouqm4pefwcvt,CL2501722P1,CALENDER,CALENDER,250,17*22,OFFSET,SINGLE_SIDE,2
64,cmolfs7u90105ouqm6xgc7ugr,CL3001722P1,CALENDER,CALENDER,300,17*21,OFFSET,SINGLE_SIDE,1
65,cmolfs7kw0104ouqmuj7nq8vj,CL701117P6,CALENDER,CALENDER,70,11*17,OFFSET,DOUBLE_SIDE,7
66,cmolfs8cs0107ouqm6fry0zm2,CL801117P6,CALENDER,CALENDER,80,11*17,OFFSET,DOUBLE_SIDE,9
67,cmolfs8up0108ouqmjx3ltijm,CL801419P6,CALENDER,CALENDER,80,14*19,OFFSET,DOUBLE_SIDE,1
68,cmolfs7290102ouqmpwvnt6yo,CL901117P6,CALENDER,CALENDER,90,11*17,OFFSET,DOUBLE_SIDE,7
69,cmolfs0dy00zfouqm368s24pc,CD354,CARD,CARD,250,3.5*4,OFFSET,SINGLE_SIDE,0
70,prod_ct_scan_bag_big,CT-BAG-16X21,CT Scan Bag Big,Diagnostic Bags,0,16x21,OFFSET,SINGLE_SIDE,0
71,prod_xray_bag_small,XRAY-BAG-10.5X16,X-ray Bag Small,Diagnostic Bags,0,10.5x16,OFFSET,SINGLE_SIDE,0
72,cmolfrpkf00ydouqmcpka77xr,DM7046,DOT MATRIX BILL,DOT MATRIX BILL,70,4*6,OFFSET,SINGLE_SIDE,6
73,cmolfryv100z9ouqmgoln5x2n,DM70754,DOT MATRIX BILL,DOT MATRIX BILL,70,7.5*4,OFFSET,SINGLE_SIDE,0
74,cmolfs52700zuouqmkbg9qimc,EN1003544,ENVELOPE,ENVELOPES,100,3.5*44,OFFSET,DOUBLE_SIDE,0
75,cmolfrj8a00xnouqmyrete0pa,EN10045,ENVELOPE,ENVELOPES,100,4*5,OFFSET,DOUBLE_SIDE,2
76,cmolfs6j80100ouqmv8hfliyp,EN10047,ENVELOPE,ENVELOPES,100,4*7,OFFSET,DOUBLE_SIDE,1
77,cmolfri1400xkouqmbtn81b2d,EN10049,ENVELOPE,ENVELOPES,100,4*9,OFFSET,DOUBLE_SIDE,3
78,cmolfs69n00zzouqm3m15269d,EN10058,ENVELOPE,ENVELOPES,100,5.5*8,OFFSET,DOUBLE_SIDE,2
79,cmolfrik700xmouqm0og45vrv,EN13058,ENVELOPE,ENVELOPES,130,5.5*8,OFFSET,DOUBLE_SIDE,2
80,cmolfrg4f00xeouqmuvviophm,EN6045,ENVELOPE,ENVELOPES,60,4*5,OFFSET,DOUBLE_SIDE,0
81,cmolfrgdn00xfouqmnz49btet,EN6047,ENVELOPE,ENVELOPES,60,4*7,OFFSET,DOUBLE_SIDE,0
82,cmolfrhbt00xiouqm2f8822sc,EN6049,ENVELOPE,ENVELOPES,60,4*9,OFFSET,DOUBLE_SIDE,0
83,cmolfrgn300xgouqm0189a3fj,EN6058,ENVELOPE,ENVELOPES,60,5.5*8,OFFSET,DOUBLE_SIDE,0
84,cmolfrh2d00xhouqm9xs3ay3x,EN60811,ENVELOPE,ENVELOPES,60,8.5*11,OFFSET,DOUBLE_SIDE,0
85,cmolfrdav00x6ouqm6nrn5o90,EN702.5X4,ENVELOPE,ENVELOPES,70,2.5*4,OFFSET,DOUBLE_SIDE,1
86,cmolfrdzp00x8ouqm1weo9rtp,EN7045,ENVELOPE,ENVELOPES,70,4*5,OFFSET,DOUBLE_SIDE,8
87,cmolfre8x00x9ouqmnpfqpm8i,EN7047,ENVELOPE,ENVELOPES,70,4*7,OFFSET,DOUBLE_SIDE,8
88,cmolfrffh00xcouqm9ol748h9,EN7049,ENVELOPE,ENVELOPES,70,4*9,OFFSET,DOUBLE_SIDE,5
89,cmolfreqo00xaouqmyucysqus,EN7058,ENVELOPE,ENVELOPES,70,5.5*8,OFFSET,DOUBLE_SIDE,7
90,cmolfrf6300xbouqmsz9rs1xc,EN70811,ENVELOPE,ENVELOPES,70,8.5*11,OFFSET,DOUBLE_SIDE,5
91,cmolfs44v00zsouqmhs5u24br,EN70912,ENVELOPE,ENVELOPES,70,9*12,OFFSET,DOUBLE_SIDE,0
92,cmolfrhlh00xjouqmdc1jy0rd,EN8045,ENVELOPE,ENVELOPES,80,4*5,OFFSET,DOUBLE_SIDE,2
93,cmolfriao00xlouqm5tk5gtri,EN804510,ENVELOPE,ENVELOPES,80,4.5*10,OFFSET,DOUBLE_SIDE,0
94,cmolfrfox00xdouqms06onl1p,EN8049,ENVELOPE,ENVELOPES,80,4*9,OFFSET,DOUBLE_SIDE,2
95,cmolfs4st00ztouqmty4yld29,EN80912,ENVELOPE,ENVELOPES,80,9*12,OFFSET,DOUBLE_SIDE,1
96,cmolfs2tf00znouqm30xssb7w,EN9045,ENVELOPE,ENVELOPES,90,4*5,OFFSET,DOUBLE_SIDE,0
97,sfbpz06d27m2w5yw2sx94no1,ENW49,ENVELOPE WINDOW,ENVELOPES,70,4.25*9.25,OFFSET,DOUBLE_SIDE,0
98,cmolfs1c200ziouqm02u3jrt8,FL15350BS,FILE,FILE,300,15*20,OFFSET,DOUBLE_SIDE,0
99,cmolfrqm000yhouqmy1hgw6di,FL250BS,FILE,FILE,250,9*12,OFFSET,DOUBLE_SIDE,5
100,cmolfrqcl00ygouqmytm5ia37,FL250SS,FILE,FILE,250,9*12,OFFSET,SINGLE_SIDE,5
101,cmolfrray00yjouqmm8llcgzo,FL300BS,FILE,FILE,300,9*12,OFFSET,DOUBLE_SIDE,5
102,cmolfrqvj00yiouqmuynsct4u,FL300SS,FILE,FILE,300,9*12,OFFSET,SINGLE_SIDE,6
103,cmolfrs2b00ylouqmprrhtzkj,FL350BS,FILE,FILE,350,9*12,OFFSET,DOUBLE_SIDE,4
104,cmolfrrsy00ykouqmbq6zx56u,FL350SS,FILE,FILE,350,9*12,OFFSET,SINGLE_SIDE,4
105,cmolfs5ki00zxouqmy25oc19x,FLPVC300BS,FILE,FILE,300,9*12,OFFSET,DOUBLE_SIDE,4
106,cmolfrsbr00ymouqmcvstrspw,FLPVC300SS,FILE,FILE,300,9*12,OFFSET,SINGLE_SIDE,4
107,cmolfs5u900zyouqmahcycsxi,FLPVC350BS,FILE,FILE,350,9*12,OFFSET,DOUBLE_SIDE,4
108,cmolfrsr400ynouqmi5intz45,FLPVC350SS,FILE,FILE,350,9*12,OFFSET,SINGLE_SIDE,4
109,os1wre3j61weg2v2n8sqgjl6,FL250SS912,SMALL DR FILES ,FILE,250,6*9,OFFSET,SINGLE_SIDE,0
110,owoas5w82ho7mpsgtbliph5q,KC77,ABS MOBILE STAND KEYCHAIN,KEYCHAIN,90,1.5*1,OFFSET,DOUBLE_SIDE,3
111,z4ivwreeb9efqvujhwknwz0n,KC78,ABS MOBILE STAND KEYCHAIN,KEYCHAIN,90,1.5*1,OFFSET,DOUBLE_SIDE,3
112,kj0dpl9hhj3u1qhneljaicsx,KC79,ABS MOBILE STAND KEYCHAIN,KEYCHAIN,90,1.5*1,OFFSET,DOUBLE_SIDE,3
113,p25jc1jj4oupaffveg3tus99,KC80,ABS MOBILE STAND KEYCHAIN,KEYCHAIN,90,1.5*1,OFFSET,DOUBLE_SIDE,3
114,kgoxnkeachlgjnajkuomexef,KC81,ABS MOBILE STAND KEYCHAIN,KEYCHAIN,90,1.5*1,OFFSET,DOUBLE_SIDE,3
115,ogmow0hpgid9igzqzowvtxqp,KC82,ABS MOBILE STAND KEYCHAIN,KEYCHAIN,90,1.5*1,OFFSET,DOUBLE_SIDE,3
116,jwgzca4l18hzd9x1mavp5r3w,KC83,ABS MOBILE STAND KEYCHAIN,KEYCHAIN,90,1.5*1,OFFSET,DOUBLE_SIDE,7
117,hnc2621thitt4pyqnmmz13wh,KC60,ABS MOLD KEYCHAIN,KEYCHAIN,90,1.5*1,OFFSET,DOUBLE_SIDE,3
118,d81ckzsjzkfmu2sbsgqsx8ii,KC61,ABS MOLD KEYCHAIN,KEYCHAIN,90,1.5*1,OFFSET,DOUBLE_SIDE,3
119,ma5vfo7gzkova6vgreiurgcg,KC62,ABS MOLD KEYCHAIN,KEYCHAIN,90,1.5*1,OFFSET,DOUBLE_SIDE,3
120,tinadwuob12gi8syx7s0iqvw,KC63,ABS MOLD KEYCHAIN,KEYCHAIN,90,1.5*1,OFFSET,DOUBLE_SIDE,3
121,g2v3zfxa8jx1nvepzx3cinwa,KC64,ABS MOLD KEYCHAIN,KEYCHAIN,90,1.5*1,OFFSET,DOUBLE_SIDE,3
122,qbkeoo7zx3dszojaycix1cia,KC65,ABS MOLD KEYCHAIN,KEYCHAIN,90,1.5*1,OFFSET,DOUBLE_SIDE,3
123,a8foorb7p33t7xi7lj6k4hbc,KC66,ABS MOLD KEYCHAIN,KEYCHAIN,90,1.5*1,OFFSET,DOUBLE_SIDE,3
124,k5ri4vii1cmq1p8k51pjlxim,KC67,ABS MOLD KEYCHAIN,KEYCHAIN,90,1.5*1,OFFSET,DOUBLE_SIDE,3
125,tbtcc7ogh3p548q3fdz4lql4,KC18,ABS PATTA KEYCHAIN,KEYCHAIN,90,1.5*1,OFFSET,DOUBLE_SIDE,3
126,rad9qgizh6pewugjieaadsbi,KC19,ABS PATTA KEYCHAIN,KEYCHAIN,90,1.5*1,OFFSET,DOUBLE_SIDE,3
127,nu1t323oe0pqji28aimbn0aq,KC20,ABS PATTA KEYCHAIN,KEYCHAIN,90,1.5*1,OFFSET,DOUBLE_SIDE,3
128,tcx6yiv4b8gjqqa0tuabyg2a,KC21,ABS PATTA KEYCHAIN,KEYCHAIN,90,1.5*1,OFFSET,DOUBLE_SIDE,3
129,yaao4b4pzycxvjzoqkvwqj57,KC22,ABS PATTA KEYCHAIN,KEYCHAIN,90,1.5*1,OFFSET,DOUBLE_SIDE,3
130,jr3xybmhf08i4i54r6ianjgr,KC23,ABS PATTA KEYCHAIN,KEYCHAIN,90,1.5*1,OFFSET,DOUBLE_SIDE,3
131,xboizawwxo6sn00kzwkcnu9y,KC24,ABS PATTA KEYCHAIN,KEYCHAIN,90,1.5*1,OFFSET,DOUBLE_SIDE,3
132,jkt8tpc72bk0icjzn2dfn8tj,KC25,ABS PATTA KEYCHAIN,KEYCHAIN,90,1.5*1,OFFSET,DOUBLE_SIDE,3
133,aqy8zht4jjx6fo917p5i2qdr,KC26,ABS PATTA KEYCHAIN,KEYCHAIN,90,1.5*1,OFFSET,DOUBLE_SIDE,3
134,nf7v3vu1cw90c7rht2199g7m,KC27,ABS PATTA KEYCHAIN,KEYCHAIN,90,1.5*1,OFFSET,DOUBLE_SIDE,3
135,us4o579c4vpst1nt2d9tw2mx,KC28,ABS PATTA KEYCHAIN,KEYCHAIN,90,1.5*1,OFFSET,DOUBLE_SIDE,3
136,b9i1kz4bop9w28le1ug3vx2w,KC29,ABS PATTA KEYCHAIN,KEYCHAIN,90,1.5*1,OFFSET,DOUBLE_SIDE,3
137,sae42u4tasp8uzpcmskwko8x,KC49,ABS PATTA KEYCHAIN,KEYCHAIN,90,1.5*1,OFFSET,DOUBLE_SIDE,3
138,oh1bja1up3gbuxjn7lwkx5if,KC50,ABS PATTA KEYCHAIN,KEYCHAIN,90,1.5*1,OFFSET,DOUBLE_SIDE,3
139,jrq228vj2yy0ebwip3vgwyzt,KC51,ABS PATTA KEYCHAIN,KEYCHAIN,90,1.5*1,OFFSET,DOUBLE_SIDE,3
140,io3wfq77iqg7spxek8f8hams,KC52,ABS PATTA KEYCHAIN,KEYCHAIN,90,1.5*1,OFFSET,DOUBLE_SIDE,3
141,p0al17vt3e42n9g34dt8n92p,KC53,ABS PATTA KEYCHAIN,KEYCHAIN,90,1.5*1,OFFSET,DOUBLE_SIDE,3
142,ljkpilwdb13omfmg2duxo4ib,KC54,ABS PATTA KEYCHAIN,KEYCHAIN,90,1.5*1,OFFSET,DOUBLE_SIDE,3
143,fre91djtydqu3hix02wbyurc,KC55,ABS PATTA KEYCHAIN,KEYCHAIN,90,1.5*1,OFFSET,DOUBLE_SIDE,3
144,p2nool7b0f7vymdm0oc9hjn6,KC56,ABS PATTA KEYCHAIN,KEYCHAIN,90,1.5*1,OFFSET,DOUBLE_SIDE,3
145,kk4qp1medf47ld9bu09azvrx,KC57,ABS PATTA KEYCHAIN,KEYCHAIN,90,1.5*1,OFFSET,DOUBLE_SIDE,3
146,znixb9tkmt0qjykg5yobc25v,KC58,ABS PATTA KEYCHAIN,KEYCHAIN,90,1.5*1,OFFSET,DOUBLE_SIDE,3
147,oh4ywmytao9c7q2i24m3g5zz,KC59,ABS PATTA KEYCHAIN,KEYCHAIN,90,1.5*1,OFFSET,DOUBLE_SIDE,3
148,qvmi69yyre3dhcmb5mnnhg1m,KC37,ABS PATTA MEENA DIGITAL KEYCHAIN,KEYCHAIN,90,1.5*1,OFFSET,DOUBLE_SIDE,3
149,lz3i6357zrhm7wbqvp4pgodd,KC38,ABS PATTA MEENA DIGITAL KEYCHAIN,KEYCHAIN,90,1.5*1,OFFSET,DOUBLE_SIDE,3
150,qt0eaojy0xhxdx9i6o87hsbj,KC39,ABS PATTA MEENA DIGITAL KEYCHAIN,KEYCHAIN,90,1.5*1,OFFSET,DOUBLE_SIDE,3
151,gp8p7n6ya3wlx5x4flpetx0r,KC40,ABS PATTA MEENA DIGITAL KEYCHAIN,KEYCHAIN,90,1.5*1,OFFSET,DOUBLE_SIDE,3
152,ml7a0a07zd6ah3wx29yj8i5o,KC41,ABS PATTA MEENA DIGITAL KEYCHAIN,KEYCHAIN,90,1.5*1,OFFSET,DOUBLE_SIDE,3
153,kvy6501chuk5fok7lalpypss,KC42,ABS PATTA MEENA DIGITAL KEYCHAIN,KEYCHAIN,90,1.5*1,OFFSET,DOUBLE_SIDE,3
154,ni3udi1vn163kvfpgndlmam8,KC43,ABS PATTA MEENA DIGITAL KEYCHAIN,KEYCHAIN,90,1.5*1,OFFSET,DOUBLE_SIDE,3
155,s0ghk2u9zv7npvzq2m8h7no0,KC44,ABS PATTA MEENA DIGITAL KEYCHAIN,KEYCHAIN,90,1.5*1,OFFSET,DOUBLE_SIDE,3
156,t1qct5s8xvbtpqilsv6w4jna,KC45,ABS PATTA MEENA DIGITAL KEYCHAIN,KEYCHAIN,90,1.5*1,OFFSET,DOUBLE_SIDE,3
157,hrm4veupzdc0i5ew0cw44tva,KC46,ABS PATTA MEENA DIGITAL KEYCHAIN,KEYCHAIN,90,1.5*1,OFFSET,DOUBLE_SIDE,3
158,kl7b2061nis9h8o6r4ie3a94,KC47,ABS PATTA MEENA DIGITAL KEYCHAIN,KEYCHAIN,90,1.5*1,OFFSET,DOUBLE_SIDE,3
159,walptq6mou173tac60nlyftw,KC48,ABS PATTA MEENA DIGITAL KEYCHAIN,KEYCHAIN,90,1.5*1,OFFSET,DOUBLE_SIDE,3
160,ttpmnqemb4jdxaxzfd9c10eh,KC30,ABS PATTA MEENA KEYCHAIN,KEYCHAIN,90,1.5*1,OFFSET,DOUBLE_SIDE,3
161,mofbsnvz6navjam75yfj6xao,KC31,ABS PATTA MEENA KEYCHAIN,KEYCHAIN,90,1.5*1,OFFSET,DOUBLE_SIDE,3
162,nxu3vy1aeuf98lnea52cs0tc,KC32,ABS PATTA MEENA KEYCHAIN,KEYCHAIN,90,1.5*1,OFFSET,DOUBLE_SIDE,3
163,s5tvawuslmo6ww6ppihlzwmz,KC33,ABS PATTA MEENA KEYCHAIN,KEYCHAIN,90,1.5*1,OFFSET,DOUBLE_SIDE,3
164,yyt9febz3v1zk3z3jnjr23vj,KC34,ABS PATTA MEENA KEYCHAIN,KEYCHAIN,90,1.5*1,OFFSET,DOUBLE_SIDE,3
165,ambjelxvnu5zf3xlhjjizj94,KC35,ABS PATTA MEENA KEYCHAIN,KEYCHAIN,90,1.5*1,OFFSET,DOUBLE_SIDE,3
166,rm6izbhkgzkppkxh69p3ykd1,KC36,ABS PATTA MEENA KEYCHAIN,KEYCHAIN,90,1.5*1,OFFSET,DOUBLE_SIDE,3
167,btwcyhgdflr581t6udz6z26v,KC229,ACRYLLIC KEYCHAIN,KEYCHAIN,90,1.5*1,OFFSET,DOUBLE_SIDE,3
168,fzty40h721ofh0r8puf9wgp3,KC230,ACRYLLIC KEYCHAIN,KEYCHAIN,90,1.5*1,OFFSET,DOUBLE_SIDE,3
169,p2grvaol2ucz9cx2v8ujz7pc,KC231,ACRYLLIC KEYCHAIN,KEYCHAIN,90,1.5*1,OFFSET,DOUBLE_SIDE,3
170,jwhxvf0jigtkr4a02vu88lc6,KC232,ACRYLLIC KEYCHAIN,KEYCHAIN,90,1.5*1,OFFSET,DOUBLE_SIDE,3
171,n0u1m09zr393wo7gyt0mmkme,KC233,ACRYLLIC KEYCHAIN,KEYCHAIN,90,1.5*1,OFFSET,DOUBLE_SIDE,3
172,y1ualm3jg2fmg3jjx14qev1j,KC234,ACRYLLIC KEYCHAIN,KEYCHAIN,90,1.5*1,OFFSET,DOUBLE_SIDE,3
173,x8k1uhfptjxti4l9soqz7w7r,KC235,ACRYLLIC KEYCHAIN,KEYCHAIN,90,1.5*1,OFFSET,DOUBLE_SIDE,3
174,z7uoc0zawojf758hq3rignu8,KC236,ACRYLLIC KEYCHAIN,KEYCHAIN,90,1.5*1,OFFSET,DOUBLE_SIDE,3
175,ol8az9z9tenobjvevee6k1i8,KC237,ACRYLLIC KEYCHAIN,KEYCHAIN,90,1.5*1,OFFSET,DOUBLE_SIDE,3
176,wibmf9b3d7mklwu68j5mbz4x,KC238,ACRYLLIC KEYCHAIN,KEYCHAIN,90,1.5*1,OFFSET,DOUBLE_SIDE,3
177,gdq465frbua0if9l3930uc9n,KC239,ACRYLLIC KEYCHAIN,KEYCHAIN,90,1.5*1,OFFSET,DOUBLE_SIDE,3
178,btxu3sbv7eh844qwyoissbcr,KC240,ACRYLLIC KEYCHAIN,KEYCHAIN,90,1.5*1,OFFSET,DOUBLE_SIDE,3
179,erg8g5jk0d7wt5ue0joszknn,KC241,ACRYLLIC KEYCHAIN,KEYCHAIN,90,1.5*1,OFFSET,DOUBLE_SIDE,3
180,n8egbizmigm9iifm6y9z9nto,KC101,CHROME SPARK KEYCHAIN,KEYCHAIN,90,1.5*1,OFFSET,DOUBLE_SIDE,3
181,nwc4ciueq8cux3ierm69z1gz,KC102,CHROME SPARK KEYCHAIN,KEYCHAIN,90,1.5*1,OFFSET,DOUBLE_SIDE,3
182,lr93y5qv2k7psha8qshqudsg,KC103,CHROME SPARK KEYCHAIN,KEYCHAIN,90,1.5*1,OFFSET,DOUBLE_SIDE,3
183,t3su7h1c2dsoumvf8c6r864g,KC104,CHROME SPARK KEYCHAIN,KEYCHAIN,90,1.5*1,OFFSET,DOUBLE_SIDE,3
184,gc2z2xgi9tzefxl63cwfba0g,KC105,CHROME SPARK KEYCHAIN,KEYCHAIN,90,1.5*1,OFFSET,DOUBLE_SIDE,3
185,dq7mc43qwbwks1v7vkmbet9f,KC106,CHROME SPARK KEYCHAIN,KEYCHAIN,90,1.5*1,OFFSET,DOUBLE_SIDE,3
186,um6nsfxg3vjcm2blcn69uu3h,KC107,CHROME SPARK KEYCHAIN,KEYCHAIN,90,1.5*1,OFFSET,DOUBLE_SIDE,3
187,eiu1lgfljfjoocmvuhdbp6ao,KC127,CHROME SPARK OPENER KEYCHAIN,KEYCHAIN,90,1.5*1,OFFSET,DOUBLE_SIDE,3
188,oof5xqlnv0y0wvde0ata27h1,KC128,CHROME SPARK OPENER KEYCHAIN,KEYCHAIN,90,1.5*1,OFFSET,DOUBLE_SIDE,3
189,ts1nia1t88k5cdwg205mx7o8,KC129,CHROME SPARK OPENER KEYCHAIN,KEYCHAIN,90,1.5*1,OFFSET,DOUBLE_SIDE,3
190,h3eh60zp2wbrk3trai26r640,KC130,CHROME SPARK OPENER KEYCHAIN,KEYCHAIN,90,1.5*1,OFFSET,DOUBLE_SIDE,3
191,xe37m00bnns9st5yj06yks54,KC131,CHROME SPARK OPENER KEYCHAIN,KEYCHAIN,90,1.5*1,OFFSET,DOUBLE_SIDE,3
192,p1rsphpc9z06u6fcqmeo9f1c,KC68,CRYSTAL DIGITAL KEYCHAIN,KEYCHAIN,90,1.5*1,OFFSET,DOUBLE_SIDE,3
193,k0rll88m30mu3qq6k8m4exfd,KC69,CRYSTAL DIGITAL KEYCHAIN,KEYCHAIN,90,1.5*1,OFFSET,DOUBLE_SIDE,3
194,w8tpe7vnlzjvqvp059fdwrqk,KC70,CRYSTAL DIGITAL KEYCHAIN,KEYCHAIN,90,1.5*1,OFFSET,DOUBLE_SIDE,3
195,iozyl5ooq0cl2xaozpziwyz3,KC71,CRYSTAL DIGITAL KEYCHAIN,KEYCHAIN,90,1.5*1,OFFSET,DOUBLE_SIDE,3
196,xbbp5pp0gdolwlopthj8o358,KC72,CRYSTAL DIGITAL KEYCHAIN,KEYCHAIN,90,1.5*1,OFFSET,DOUBLE_SIDE,3
197,y0ignyj4y95ua17fzoghhr1h,KC73,CRYSTAL DIGITAL KEYCHAIN,KEYCHAIN,90,1.5*1,OFFSET,DOUBLE_SIDE,3
198,v1b92h2j9ftlco7894toqhjv,KC74,CRYSTAL DIGITAL KEYCHAIN,KEYCHAIN,90,1.5*1,OFFSET,DOUBLE_SIDE,3
199,nx8zj2dyf9l4aewwr68vjkbi,KC75,CRYSTAL DIGITAL KEYCHAIN,KEYCHAIN,90,1.5*1,OFFSET,DOUBLE_SIDE,3
200,vjsv2mwjlqa1yzxdavg99av1,KC76,CRYSTAL DIGITAL KEYCHAIN,KEYCHAIN,90,1.5*1,OFFSET,DOUBLE_SIDE,3
201,t9hnqa8fyf6q645oanvc3jnp,KC137,GOLDEN DIGITAL KEYCHAIN,KEYCHAIN,90,1.5*1,OFFSET,DOUBLE_SIDE,3
202,sshkvh99oxfezffq8pim8m4b,KC138,GOLDEN DIGITAL KEYCHAIN,KEYCHAIN,90,1.5*1,OFFSET,DOUBLE_SIDE,3
203,fhfoe3k1ovmcz998gdaxct7q,KC139,GOLDEN DIGITAL KEYCHAIN,KEYCHAIN,90,1.5*1,OFFSET,DOUBLE_SIDE,3
204,opsigg4ztsb0z7lzlpudkotj,KC140,GOLDEN DIGITAL KEYCHAIN,KEYCHAIN,90,1.5*1,OFFSET,DOUBLE_SIDE,3
205,ioprlr1xp2223qt4esola4um,KC141,GOLDEN DIGITAL KEYCHAIN,KEYCHAIN,90,1.5*1,OFFSET,DOUBLE_SIDE,3
206,wmmyalus0luyj160n4lqy2zw,KC142,GOLDEN DIGITAL KEYCHAIN,KEYCHAIN,90,1.5*1,OFFSET,DOUBLE_SIDE,3
207,fdjx5od0hgnvswh5iuuynf0c,KC143,GOLDEN DIGITAL KEYCHAIN,KEYCHAIN,90,1.5*1,OFFSET,DOUBLE_SIDE,3
208,dpa7t4q5fc7az1725bx55pkt,KC144,GOLDEN DIGITAL KEYCHAIN,KEYCHAIN,90,1.5*1,OFFSET,DOUBLE_SIDE,3
209,i5r1zkgjxuquo7ceq4aqqavt,KC145,GOLDEN DIGITAL KEYCHAIN,KEYCHAIN,90,1.5*1,OFFSET,DOUBLE_SIDE,3
210,mv5xohmbq3a6jqet45r7p2rc,KC146,GOLDEN DIGITAL KEYCHAIN,KEYCHAIN,90,1.5*1,OFFSET,DOUBLE_SIDE,3
211,arxofagftxot61cb0u8htqxb,KC147,GOLDEN DIGITAL KEYCHAIN,KEYCHAIN,90,1.5*1,OFFSET,DOUBLE_SIDE,3
212,fmln7yy75ykzvxz6yf0ahttg,KC148,GOLDEN DIGITAL KEYCHAIN,KEYCHAIN,90,1.5*1,OFFSET,DOUBLE_SIDE,3
213,qra8bn3olwcqu4rvpoagthfx,KC149,GOLDEN DIGITAL KEYCHAIN,KEYCHAIN,90,1.5*1,OFFSET,DOUBLE_SIDE,3
214,epobw4c380xomyngurghbl7n,KC150,GOLDEN DIGITAL KEYCHAIN,KEYCHAIN,90,1.5*1,OFFSET,DOUBLE_SIDE,3
215,nlzclhry5sd5nhg37njin1hf,KC151,GOLDEN DIGITAL KEYCHAIN,KEYCHAIN,90,1.5*1,OFFSET,DOUBLE_SIDE,3
216,h6odz1wd80wjht7lawl9ef2r,KC152,GOLDEN DIGITAL KEYCHAIN,KEYCHAIN,90,1.5*1,OFFSET,DOUBLE_SIDE,3
217,oll2w4h8kqjgprlrah1s1kyv,KC153,GOLDEN DIGITAL KEYCHAIN,KEYCHAIN,90,1.5*1,OFFSET,DOUBLE_SIDE,3
218,ibee8dgatec26x4iihjx9cno,KC108,GOLDEN MEENA KEYCHAIN,KEYCHAIN,90,1.5*1,OFFSET,DOUBLE_SIDE,3
219,jbt3quv62a9ndnicnqju93br,KC109,GOLDEN MEENA KEYCHAIN,KEYCHAIN,90,1.5*1,OFFSET,DOUBLE_SIDE,3
220,oxo0dvemsfgru5zrczmkjmj5,KC110,GOLDEN MEENA KEYCHAIN,KEYCHAIN,90,1.5*1,OFFSET,DOUBLE_SIDE,3
221,ysjlbarj0j5ln15vc9oojczc,KC111,GOLDEN MEENA KEYCHAIN,KEYCHAIN,90,1.5*1,OFFSET,DOUBLE_SIDE,3
222,jzk7ky7hc6gf1vni0q0dmqxi,KC112,GOLDEN MEENA KEYCHAIN,KEYCHAIN,90,1.5*1,OFFSET,DOUBLE_SIDE,3
223,fyrm9gursz78qajdhifrgso9,KC113,GOLDEN MEENA KEYCHAIN,KEYCHAIN,90,1.5*1,OFFSET,DOUBLE_SIDE,3
224,ywtxzzkbiqd37t5trdsfsqbi,KC114,GOLDEN MEENA KEYCHAIN,KEYCHAIN,90,1.5*1,OFFSET,DOUBLE_SIDE,3
225,i73pfootls8msudtunyon42r,KC115,GOLDEN MEENA KEYCHAIN,KEYCHAIN,90,1.5*1,OFFSET,DOUBLE_SIDE,3
226,og5g0pfc43wpv8b179b50f92,KC116,GOLDEN MEENA KEYCHAIN,KEYCHAIN,90,1.5*1,OFFSET,DOUBLE_SIDE,3
227,d1t9804ge7ar9y9teha8lk1l,KC117,GOLDEN MEENA KEYCHAIN,KEYCHAIN,90,1.5*1,OFFSET,DOUBLE_SIDE,3
228,je16ic7nkd3ee7mtq4atpyj8,KC118,GOLDEN MEENA KEYCHAIN,KEYCHAIN,90,1.5*1,OFFSET,DOUBLE_SIDE,3
229,p5dm5qgavcbniyl3rddi9o12,KC132,GOLDEN OPENER KEYCHAIN,KEYCHAIN,90,1.5*1,OFFSET,DOUBLE_SIDE,3
230,q5734hlsacxo41h0vkq5qv58,KC133,GOLDEN OPENER KEYCHAIN,KEYCHAIN,90,1.5*1,OFFSET,DOUBLE_SIDE,3
231,s4wp65g9b98g3lromyebr0cx,KC134,GOLDEN OPENER KEYCHAIN,KEYCHAIN,90,1.5*1,OFFSET,DOUBLE_SIDE,3
232,cvb6ejs6l5zi57rhqciu3anb,KC135,GOLDEN OPENER KEYCHAIN,KEYCHAIN,90,1.5*1,OFFSET,DOUBLE_SIDE,3
233,wcil6sqx56xrddm5vgw5o7v4,KC136,GOLDEN OPENER KEYCHAIN,KEYCHAIN,90,1.5*1,OFFSET,DOUBLE_SIDE,3
234,itmdu0o2icid5hz7cwmw5v1u,KC184,LEATHER KEYCHAIN,KEYCHAIN,90,1.5*1,OFFSET,DOUBLE_SIDE,3
235,ge5ip9x9dajegfu7o5tn2xl5,KC185,LEATHER KEYCHAIN,KEYCHAIN,90,1.5*1,OFFSET,DOUBLE_SIDE,3
236,jwll5co2zfqm0vlc7x76fetq,KC186,LEATHER KEYCHAIN,KEYCHAIN,90,1.5*1,OFFSET,DOUBLE_SIDE,3
237,zc3byj2iq3qmmxw19agn4s93,KC187,LEATHER KEYCHAIN,KEYCHAIN,90,1.5*1,OFFSET,DOUBLE_SIDE,3
238,zgroki81da0zisjrch2clvn5,KC188,LEATHER KEYCHAIN,KEYCHAIN,90,1.5*1,OFFSET,DOUBLE_SIDE,3
239,oq35kk9a632mrzqj9ssiipy1,KC189,LEATHER KEYCHAIN,KEYCHAIN,90,1.5*1,OFFSET,DOUBLE_SIDE,3
240,dzkjtct1so60gscl95xpbcv7,KC190,LEATHER KEYCHAIN,KEYCHAIN,90,1.5*1,OFFSET,DOUBLE_SIDE,3
241,ftz23ijw47mlqbgn2ip3wdid,KC191,LEATHER KEYCHAIN,KEYCHAIN,90,1.5*1,OFFSET,DOUBLE_SIDE,3
242,jvcddc99w9pqq79dqbvwx9dy,KC192,LEATHER KEYCHAIN,KEYCHAIN,90,1.5*1,OFFSET,DOUBLE_SIDE,3
243,ryl2u5d3hfnyw0te6qic580v,KC193,LEATHER KEYCHAIN,KEYCHAIN,90,1.5*1,OFFSET,DOUBLE_SIDE,3
244,lkepug5e8xifvjliig50urg6,KC194,LEATHER KEYCHAIN,KEYCHAIN,90,1.5*1,OFFSET,DOUBLE_SIDE,3
245,ew98y23n5s8reixfdl1tayti,KC195,LEATHER KEYCHAIN,KEYCHAIN,90,1.5*1,OFFSET,DOUBLE_SIDE,3
246,ot7y1btd5oe37dnfnzqt2b2w,KC196,LEATHER KEYCHAIN,KEYCHAIN,90,1.5*1,OFFSET,DOUBLE_SIDE,3
247,wxhjtgksbqly8yhdqgb84the,KC197,LEATHER KEYCHAIN,KEYCHAIN,90,1.5*1,OFFSET,DOUBLE_SIDE,3
248,xltfn8fjbkpeelgq1nyjigsi,KC198,LEATHER KEYCHAIN,KEYCHAIN,90,1.5*1,OFFSET,DOUBLE_SIDE,3
249,zednjhstf4pk908g6d183i55,KC199,LEATHER KEYCHAIN,KEYCHAIN,90,1.5*1,OFFSET,DOUBLE_SIDE,3
250,ykymqxvv7x7zpq24cinoy59m,KC200,LEATHER KEYCHAIN,KEYCHAIN,90,1.5*1,OFFSET,DOUBLE_SIDE,3
251,klfzazb8436z6003h6fiq4t5,KC201,LEATHER KEYCHAIN,KEYCHAIN,90,1.5*1,OFFSET,DOUBLE_SIDE,3
252,sswm8n8qkpbqzszl3kewjh3t,KC202,LEATHER KEYCHAIN,KEYCHAIN,90,1.5*1,OFFSET,DOUBLE_SIDE,3
253,fia5liirktewucifq8vlgbrh,KC203,LEATHER KEYCHAIN,KEYCHAIN,90,1.5*1,OFFSET,DOUBLE_SIDE,3
254,dvbz1qllby4whoyuw9esbwon,KC204,LEATHER KEYCHAIN,KEYCHAIN,90,1.5*1,OFFSET,DOUBLE_SIDE,3
255,r6d069zr95sjlth6h5dpriz5,KC205,LEATHER KEYCHAIN,KEYCHAIN,90,1.5*1,OFFSET,DOUBLE_SIDE,3
256,qsz2sohadyl6r9oge7684vcs,KC206,LEATHER KEYCHAIN,KEYCHAIN,90,1.5*1,OFFSET,DOUBLE_SIDE,3
257,ytebiya0eyhig4ndu7hd852o,KC207,LEATHER KEYCHAIN,KEYCHAIN,90,1.5*1,OFFSET,DOUBLE_SIDE,3
258,olkyffrttvb2vjxvi2ag5kkh,KC208,LEATHER KEYCHAIN,KEYCHAIN,90,1.5*1,OFFSET,DOUBLE_SIDE,3
259,njau83f8v95hlf5c4yi136h8,KC209,LEATHER KEYCHAIN,KEYCHAIN,90,1.5*1,OFFSET,DOUBLE_SIDE,3
260,p8kyvj6ocgwhd3dw4z9ss0be,KC210,LEATHER KEYCHAIN,KEYCHAIN,90,1.5*1,OFFSET,DOUBLE_SIDE,3
261,nnunuxxfc7w5mfrynpci6ry1,KC211,LEATHER KEYCHAIN,KEYCHAIN,90,1.5*1,OFFSET,DOUBLE_SIDE,3
262,ilvm7k1zr9mflm853aoernm7,KC212,LEATHER KEYCHAIN,KEYCHAIN,90,1.5*1,OFFSET,DOUBLE_SIDE,3
263,awwcroes6sui29c0mqp4fnn3,KC213,LEATHER KEYCHAIN,KEYCHAIN,90,1.5*1,OFFSET,DOUBLE_SIDE,3
264,ug4yqw4tobisrux7008iog7e,KC214,LEATHER KEYCHAIN,KEYCHAIN,90,1.5*1,OFFSET,DOUBLE_SIDE,3
265,p3uzlipfrmoifqr590j5kp1y,KC215,LEATHER KEYCHAIN,KEYCHAIN,90,1.5*1,OFFSET,DOUBLE_SIDE,3
266,lbdlea3i6v9iz8wcnyz23l6l,KC216,LEATHER KEYCHAIN,KEYCHAIN,90,1.5*1,OFFSET,DOUBLE_SIDE,3
267,v18wyydqy37qjq6yiwdh0ihv,KC217,LEATHER KEYCHAIN,KEYCHAIN,90,1.5*1,OFFSET,DOUBLE_SIDE,3
268,fxw7lu9uj64mfurplmgujc41,KC218,LEATHER KEYCHAIN,KEYCHAIN,90,1.5*1,OFFSET,DOUBLE_SIDE,3
269,cvg8a1ot2xqnkrhdxuaq9cmq,KC219,LEATHER KEYCHAIN,KEYCHAIN,90,1.5*1,OFFSET,DOUBLE_SIDE,3
270,h1z8230wr4mdfd43t99jhitn,KC220,LEATHER KEYCHAIN,KEYCHAIN,90,1.5*1,OFFSET,DOUBLE_SIDE,3
271,v37ret7lyytbiszioqo7reb3,KC221,LEATHER KEYCHAIN,KEYCHAIN,90,1.5*1,OFFSET,DOUBLE_SIDE,3
272,vjme0h3c5qow4a6bwrxt0rjx,KC222,LEATHER KEYCHAIN,KEYCHAIN,90,1.5*1,OFFSET,DOUBLE_SIDE,3
273,ext82mi6vh4g1mnxl5541w1z,KC223,LEATHER KEYCHAIN,KEYCHAIN,90,1.5*1,OFFSET,DOUBLE_SIDE,3
274,swh0mnczl4zypoda3dbh2mvp,KC224,LEATHER KEYCHAIN,KEYCHAIN,90,1.5*1,OFFSET,DOUBLE_SIDE,3
275,dahcnrj8vmbxbaeg421u11qx,KC225,LEATHER KEYCHAIN,KEYCHAIN,90,1.5*1,OFFSET,DOUBLE_SIDE,3
276,tr97enaikzvmwjjynvzn8103,KC226,LEATHER KEYCHAIN,KEYCHAIN,90,1.5*1,OFFSET,DOUBLE_SIDE,3
277,majxgiovff10zbavn936t95w,KC227,LEATHER KEYCHAIN,KEYCHAIN,90,1.5*1,OFFSET,DOUBLE_SIDE,3
278,welfd55jdxi5dfqcw3q5oelp,KC228,LEATHER KEYCHAIN,KEYCHAIN,90,1.5*1,OFFSET,DOUBLE_SIDE,3
279,jmqk5wxucacrqd1bhdwizqrd,KC100,NICKEL SPARK KEYCHAIN,KEYCHAIN,90,1.5*1,OFFSET,DOUBLE_SIDE,3
280,v9p39y4bl73mai4mxiiw7mis,KC84,NICKEL SPARK KEYCHAIN,KEYCHAIN,90,1.5*1,OFFSET,DOUBLE_SIDE,3
281,od7v2obn2uyaburubsupn5pj,KC85,NICKEL SPARK KEYCHAIN,KEYCHAIN,90,1.5*1,OFFSET,DOUBLE_SIDE,3
282,waycbavj5lyxnw3p0bx04nj5,KC86,NICKEL SPARK KEYCHAIN,KEYCHAIN,90,1.5*1,OFFSET,DOUBLE_SIDE,3
283,t2lbdun9w95nildrhfhul1bx,KC87,NICKEL SPARK KEYCHAIN,KEYCHAIN,90,1.5*1,OFFSET,DOUBLE_SIDE,3
284,fu6p2ow7xtpuz7h635jgpxbz,KC88,NICKEL SPARK KEYCHAIN,KEYCHAIN,90,1.5*1,OFFSET,DOUBLE_SIDE,3
285,ynmpsg86v67cqmkx3vu2g5lk,KC89,NICKEL SPARK KEYCHAIN,KEYCHAIN,90,1.5*1,OFFSET,DOUBLE_SIDE,3
286,ro5e234tifqx4b8jqgl7y8a1,KC90,NICKEL SPARK KEYCHAIN,KEYCHAIN,90,1.5*1,OFFSET,DOUBLE_SIDE,3
287,psghkepvi5ylyg4iewlyga7d,KC91,NICKEL SPARK KEYCHAIN,KEYCHAIN,90,1.5*1,OFFSET,DOUBLE_SIDE,3
288,hgatc0ewhdpllrpm16olrgx1,KC92,NICKEL SPARK KEYCHAIN,KEYCHAIN,90,1.5*1,OFFSET,DOUBLE_SIDE,3
289,mzxloznee8usa240fv9kyucy,KC93,NICKEL SPARK KEYCHAIN,KEYCHAIN,90,1.5*1,OFFSET,DOUBLE_SIDE,3
290,l3fk3ysx219h97e3vqnjejze,KC94,NICKEL SPARK KEYCHAIN,KEYCHAIN,90,1.5*1,OFFSET,DOUBLE_SIDE,3
291,asw4lm7sb23y1i0wme9u2efa,KC95,NICKEL SPARK KEYCHAIN,KEYCHAIN,90,1.5*1,OFFSET,DOUBLE_SIDE,3
292,zlhp08tsyvj5k0zlc4ki3qar,KC96,NICKEL SPARK KEYCHAIN,KEYCHAIN,90,1.5*1,OFFSET,DOUBLE_SIDE,3
293,lx1ez5g9gj0xtqb5xbcnfn4z,KC97,NICKEL SPARK KEYCHAIN,KEYCHAIN,90,1.5*1,OFFSET,DOUBLE_SIDE,3
294,bb2eq76l3tmmss146pnh5cc1,KC98,NICKEL SPARK KEYCHAIN,KEYCHAIN,90,1.5*1,OFFSET,DOUBLE_SIDE,3
295,a2qsldnl0pqvfnbo2e7l5n4q,KC99,NICKEL SPARK KEYCHAIN,KEYCHAIN,90,1.5*1,OFFSET,DOUBLE_SIDE,3
296,hkrfcvmiyxa5c3d09hf6kyk7,KC119,NICKEL SPARK OPENER KEYCHAIN,KEYCHAIN,90,1.5*1,OFFSET,DOUBLE_SIDE,3
297,anqtnwmo8160ru90z5vvupnq,KC120,NICKEL SPARK OPENER KEYCHAIN,KEYCHAIN,90,1.5*1,OFFSET,DOUBLE_SIDE,3
298,jyenru09urlc91eemecg2hgl,KC121,NICKEL SPARK OPENER KEYCHAIN,KEYCHAIN,90,1.5*1,OFFSET,DOUBLE_SIDE,3
299,e0ubuoortn7vqyjbf72nmoio,KC122,NICKEL SPARK OPENER KEYCHAIN,KEYCHAIN,90,1.5*1,OFFSET,DOUBLE_SIDE,3
300,hkn3t79zjvuipdqyr82xidb1,KC123,NICKEL SPARK OPENER KEYCHAIN,KEYCHAIN,90,1.5*1,OFFSET,DOUBLE_SIDE,3
301,oww6lmch716d16szxpfvw1vh,KC124,NICKEL SPARK OPENER KEYCHAIN,KEYCHAIN,90,1.5*1,OFFSET,DOUBLE_SIDE,3
302,d5o7x9f872q2mbs07ydrvw71,KC125,NICKEL SPARK OPENER KEYCHAIN,KEYCHAIN,90,1.5*1,OFFSET,DOUBLE_SIDE,3
303,slqds91exxf8iy9czc4cr88k,KC126,NICKEL SPARK OPENER KEYCHAIN,KEYCHAIN,90,1.5*1,OFFSET,DOUBLE_SIDE,3
304,gehpkkmezajbtk1e1qzxbbqh,KC154,POWDER COTED KEYCHAIN,KEYCHAIN,90,1.5*1,OFFSET,DOUBLE_SIDE,3
305,ye16uz30s7tune391i41822m,KC155,POWDER COTED KEYCHAIN,KEYCHAIN,90,1.5*1,OFFSET,DOUBLE_SIDE,3
306,xant7b79lb3runtbqshqwetz,KC156,POWDER COTED KEYCHAIN,KEYCHAIN,90,1.5*1,OFFSET,DOUBLE_SIDE,3
307,hh0o453kto6brnzhaprv9yyl,KC157,POWDER COTED KEYCHAIN,KEYCHAIN,90,1.5*1,OFFSET,DOUBLE_SIDE,3
308,y9j58kdcjyj68o3uihdkccc5,KC158,POWDER COTED KEYCHAIN,KEYCHAIN,90,1.5*1,OFFSET,DOUBLE_SIDE,3
309,b4c8p7hzcqpmot39jjmvu5b4,KC159,POWDER COTED KEYCHAIN,KEYCHAIN,90,1.5*1,OFFSET,DOUBLE_SIDE,3
310,uwmzk2gwbylbh8xsdujwbyr8,KC160,POWDER COTED KEYCHAIN,KEYCHAIN,90,1.5*1,OFFSET,DOUBLE_SIDE,3
311,t0lv85py07t5ibm6udxya6ig,KC161,POWDER COTED KEYCHAIN,KEYCHAIN,90,1.5*1,OFFSET,DOUBLE_SIDE,3
312,iqmae6woqpl4aiyzwgdub4ak,KC162,POWDER COTED KEYCHAIN,KEYCHAIN,90,1.5*1,OFFSET,DOUBLE_SIDE,3
313,ujqpkmjhoakkq8a4xijqbbvd,KC163,POWDER COTED KEYCHAIN,KEYCHAIN,90,1.5*1,OFFSET,DOUBLE_SIDE,3
314,y12k8benkrwohzfsbgvfiy9o,KC164,POWDER COTED KEYCHAIN,KEYCHAIN,90,1.5*1,OFFSET,DOUBLE_SIDE,3
315,eitcnt7q7ogddzxrkjfjo1nc,KC1,PVC MOLDING KEYCHAIN,KEYCHAIN,90,1.5*1,OFFSET,DOUBLE_SIDE,3
316,e5uto0x3ryzgmh85j984alqb,KC10,PVC MOLDING KEYCHAIN,KEYCHAIN,90,1.5*1,OFFSET,DOUBLE_SIDE,3
317,cg17a85ay0yyjnhz9yl9ha7t,KC11,PVC MOLDING KEYCHAIN,KEYCHAIN,90,1.5*1,OFFSET,DOUBLE_SIDE,3
318,wfkiq4xar8i2f0ok4gw6rp2f,KC12,PVC MOLDING KEYCHAIN,KEYCHAIN,90,1.5*1,OFFSET,DOUBLE_SIDE,3
319,ptzn8uvyhwnti35rujjgqt0h,KC13,PVC MOLDING KEYCHAIN,KEYCHAIN,90,1.5*1,OFFSET,DOUBLE_SIDE,3
320,kdekkxvtc2jlmkqzf8exqcw5,KC14,PVC MOLDING KEYCHAIN,KEYCHAIN,90,1.5*1,OFFSET,DOUBLE_SIDE,3
321,dteei1urw0en2ynsnab9dxgg,KC15,PVC MOLDING KEYCHAIN,KEYCHAIN,90,1.5*1,OFFSET,DOUBLE_SIDE,3
322,h88epc0cfpxgbzihxsqfbwkq,KC16,PVC MOLDING KEYCHAIN,KEYCHAIN,90,1.5*1,OFFSET,DOUBLE_SIDE,3
323,m9waknrfzm72fxoh2oes08bt,KC17,PVC MOLDING KEYCHAIN,KEYCHAIN,90,1.5*1,OFFSET,DOUBLE_SIDE,3
324,vro02cjzj0unledkn0vkc7qt,KC2,PVC MOLDING KEYCHAIN,KEYCHAIN,90,1.5*1,OFFSET,DOUBLE_SIDE,3
325,ljj8t6gba7zruqfyd62cjjon,KC3,PVC MOLDING KEYCHAIN,KEYCHAIN,90,1.5*1,OFFSET,DOUBLE_SIDE,3
326,xc8wh7xe8jkn17u8h4ohmujd,KC4,PVC MOLDING KEYCHAIN,KEYCHAIN,90,1.5*1,OFFSET,DOUBLE_SIDE,3
327,kyfv6ol3id1plkmglkjm2j4i,KC5,PVC MOLDING KEYCHAIN,KEYCHAIN,90,1.5*1,OFFSET,DOUBLE_SIDE,3
328,vkct1c0nf94wk3yaws8cg7bk,KC6,PVC MOLDING KEYCHAIN,KEYCHAIN,90,1.5*1,OFFSET,DOUBLE_SIDE,3
329,cmz3wjc5hvb1ux56emyr9jwn,KC7,PVC MOLDING KEYCHAIN,KEYCHAIN,90,1.5*1,OFFSET,DOUBLE_SIDE,3
330,dolq24qbfwhvdqxn7bmf8446,KC8,PVC MOLDING KEYCHAIN,KEYCHAIN,90,1.5*1,OFFSET,DOUBLE_SIDE,3
331,joygndjqmslpffyrplgenxo9,KC9,PVC MOLDING KEYCHAIN,KEYCHAIN,90,1.5*1,OFFSET,DOUBLE_SIDE,3
332,acr8y7kxmzsp5mhocz67pmzv,KC174,SAATAN KEYCHAIN,KEYCHAIN,90,1.5*1,OFFSET,DOUBLE_SIDE,3
333,g3hydvwzpauz0k9vo03j62eu,KC175,SAATAN KEYCHAIN,KEYCHAIN,90,1.5*1,OFFSET,DOUBLE_SIDE,3
334,n7grwkqn8pbt8btohcy7t718,KC176,SAATAN KEYCHAIN,KEYCHAIN,90,1.5*1,OFFSET,DOUBLE_SIDE,3
335,mzbixv404w110w377vhqqdk4,KC177,SAATAN KEYCHAIN,KEYCHAIN,90,1.5*1,OFFSET,DOUBLE_SIDE,3
336,ceo7a8rejyey3rycwhg687ie,KC178,SAATAN KEYCHAIN,KEYCHAIN,90,1.5*1,OFFSET,DOUBLE_SIDE,3
337,abclv54c68icqi0980hvd7j2,KC179,SAATAN KEYCHAIN,KEYCHAIN,90,1.5*1,OFFSET,DOUBLE_SIDE,3
338,pwsd6mdb29es23hi6c7xrf3w,KC180,SAATAN KEYCHAIN,KEYCHAIN,90,1.5*1,OFFSET,DOUBLE_SIDE,3
339,d66luuhp1gkqr5v5bxa1qhqw,KC181,SAATAN KEYCHAIN,KEYCHAIN,90,1.5*1,OFFSET,DOUBLE_SIDE,3
340,sb1ha4qcyrg4fkn2mp7m1gep,KC182,SAATAN KEYCHAIN,KEYCHAIN,90,1.5*1,OFFSET,DOUBLE_SIDE,3
341,z2xb9ajsw71qvzxkyxnuli0h,KC183,SAATAN KEYCHAIN,KEYCHAIN,90,1.5*1,OFFSET,DOUBLE_SIDE,3
342,v1y5tucv3e94s7sv3qogw6e4,KC165,SILLICON KEYCHAIN,KEYCHAIN,90,1.5*1,OFFSET,DOUBLE_SIDE,3
343,hymmcp5ewebk053o62wgsvtb,KC166,SILLICON KEYCHAIN,KEYCHAIN,90,1.5*1,OFFSET,DOUBLE_SIDE,3
344,sdpkbnfh52p3gfolhcp6vm5s,KC167,SILLICON KEYCHAIN,KEYCHAIN,90,1.5*1,OFFSET,DOUBLE_SIDE,3
345,xr9ipecsfkebvv7lfq1ztln7,KC168,SILLICON KEYCHAIN,KEYCHAIN,90,1.5*1,OFFSET,DOUBLE_SIDE,3
346,t5cpdlgn9n5mgc9jm5z2npdp,KC169,SILLICON KEYCHAIN,KEYCHAIN,90,1.5*1,OFFSET,DOUBLE_SIDE,3
347,dpbt7jzi97yeg4wwzf5i1rvw,KC170,SILLICON KEYCHAIN,KEYCHAIN,90,1.5*1,OFFSET,DOUBLE_SIDE,3
348,ks71vu9swomjbplrfij4orrd,KC171,SILLICON KEYCHAIN,KEYCHAIN,90,1.5*1,OFFSET,DOUBLE_SIDE,3
349,tooqbf8fe8coqgg97um8zish,KC172,SILLICON KEYCHAIN,KEYCHAIN,90,1.5*1,OFFSET,DOUBLE_SIDE,3
350,m8ylxt930i6u9ncbcrzwnkzw,KC173,SILLICON KEYCHAIN,KEYCHAIN,90,1.5*1,OFFSET,DOUBLE_SIDE,3
351,cmolfrmvf00xzouqmk7frf3ci,LH10058,LETTERHEAD,LETTERHEAD,100,5.5*8.5,OFFSET,SINGLE_SIDE,0
352,cmolfrndh00y0ouqma5s2pug3,LH100811,LETTERHEAD,LETTERHEAD,100,8.5*11,OFFSET,SINGLE_SIDE,5
353,cmolfrlnq00xvouqmlebosf4i,LH7058,LETTERHEAD,LETTERHEAD,70,5.5*8.5,OFFSET,SINGLE_SIDE,0
354,cmolfrlx200xwouqm4h91nnmx,LH70811,LETTERHEAD,LETTERHEAD,70,8.5*11,OFFSET,SINGLE_SIDE,3
355,cmolfrm6900xxouqmfddxqvep,LH8058,LETTERHEAD,LETTERHEAD,80,5.5*8.5,OFFSET,SINGLE_SIDE,0
356,cmolfrmlp00xyouqm568uba7t,LH80811,LETTERHEAD,LETTERHEAD,80,8.5*11,OFFSET,SINGLE_SIDE,4
357,cmolfrl4p00xtouqm6k81qcyj,LP10058,LETTERPAD,LETTERPAD,100,5.5*8.5,OFFSET,SINGLE_SIDE,5
358,cmolfrle300xuouqm2dsjz16i,LP100811,LETTERPAD,LETTERPAD,100,8.5*11,OFFSET,SINGLE_SIDE,6
359,cmolfrjhl00xoouqm5m2q3q5z,LP7045,LETTERPAD,LETTERPAD,70,4.25*5.5,OFFSET,SINGLE_SIDE,5
360,cmolfrjr000xpouqm4pc9vtlq,LP7058,LETTERPAD,LETTERPAD,70,5.5*8.5,OFFSET,SINGLE_SIDE,6
361,cmolfrk0o00xqouqmrzb46h6n,LP70811,LETTERPAD,LETTERPAD,70,8.5*11,OFFSET,SINGLE_SIDE,5
362,cmolfrkg400xrouqmsu5bnq5m,LP8058,LETTERPAD,LETTERPAD,80,5.5*8.5,OFFSET,SINGLE_SIDE,6
363,cmolfrkpa00xsouqmar08g15p,LP80811,LETTERPAD,LETTERPAD,80,8.5*11,OFFSET,SINGLE_SIDE,6
364,i4wqw3ky0q1p8a2bi9sybis9,HBAGMC1215,MULTICOLOR PRINTED HANDLE BAG,NON WOVEN D CUT BAG,70,12*15,OFFSET,DOUBLE_SIDE,0
365,v1h0pwulsxiq0e0o6es0p5mf,DCUT1014,NON WOVEN D CUT BAG,NON WOVEN D CUT BAG,70,10*14,OFFSET,DOUBLE_SIDE,6
366,p1g8yocpwspgfiapyyzaejzo,DCUT1218,NON WOVEN D CUT BAG,NON WOVEN D CUT BAG,70,12*18,OFFSET,DOUBLE_SIDE,0
367,wy99ihb7qu4vgl4z46bipdnv,DCUT1419,NON WOVEN D CUT BAG,NON WOVEN D CUT BAG,70,14*19,OFFSET,DOUBLE_SIDE,6
368,wtojxyv8q01okq9zean47bmc,DCUT1621,NON WOVEN D CUT BAG,NON WOVEN D CUT BAG,70,16*21,OFFSET,DOUBLE_SIDE,0
369,k5e445ptqk0irrwibd033ht5,DCUT810,NON WOVEN D CUT BAG,NON WOVEN D CUT BAG,70,8*10,OFFSET,DOUBLE_SIDE,6
370,kxfxcade8n6bvckaqruzy1bd,DCUT912,NON WOVEN D CUT BAG,NON WOVEN D CUT BAG,70,9*12,OFFSET,DOUBLE_SIDE,6
371,u8zsesdk45tqiqebitoplnrm,DCUTMC1014,NON WOVEN D CUT BAG MULTICOLOR PRINTING,NON WOVEN D CUT BAG,80,10*14,OFFSET,DOUBLE_SIDE,0
372,q94mdi059wd1ohage5cbm2qx,DCUTMC912,NON WOVEN D CUT BAG MULTICOLOR PRINTING,NON WOVEN D CUT BAG,80,9*12,OFFSET,DOUBLE_SIDE,0
373,cmph665unfg3mke4gl1arc0v,PP1218SS250,Broucher,PAMPHLET,250,12*18,OFFSET,SINGLE_SIDE,0
374,cmolfsb2p010houqm9i9y9nsx,PP6045BSSC,PAMPHLET,PAMPHLET,60,A16,OFFSET,SINGLE_SIDE,1
375,cmolfrt0k00yoouqmtv47ed3k,PP6058,PAMPHLET,PAMPHLET,60,5.5*8.5,OFFSET,SINGLE_SIDE,0
376,cmolfrt9z00ypouqmwwm2nxu3,PP60811,PAMPHLET,PAMPHLET,60,8.5*11,OFFSET,SINGLE_SIDE,0
377,cmolfrtsu00yrouqmphni7lx3,PP7058BS,PAMPHLET,PAMPHLET,70,5.5*8.5,OFFSET,DOUBLE_SIDE,0
378,cmolfrtjf00yqouqmchotlw4k,PP7058SS,PAMPHLET,PAMPHLET,70,5.5*8.5,OFFSET,SINGLE_SIDE,1
379,cmolfrurv00yuouqm61c7utn1,PP70811,PAMPHLET,PAMPHLET,80,8.5*11,OFFSET,SINGLE_SIDE,0
380,cmolfru2m00ysouqmu5kkgzlg,PP70811SS,PAMPHLET,PAMPHLET,70,8*11,OFFSET,SINGLE_SIDE,1
381,cmolfrucb00ytouqmauor9jr1,PP8058BS,PAMPHLET,PAMPHLET,80,5.5*8.5,OFFSET,DOUBLE_SIDE,1
382,cmolfrv1800yvouqmw7a1q57t,PP9058BS,PAMPHLET,PAMPHLET,90,5.5*8.5,OFFSET,DOUBLE_SIDE,3
383,cmolfrvaj00ywouqm8v6yzv8e,PP9058SS,PAMPHLET,PAMPHLET,90,5.5*8.5,OFFSET,SINGLE_SIDE,5
384,cmolfrw7n00yyouqmsl5jps81,PP90811BS,PAMPHLET,PAMPHLET,90,8.5*11,OFFSET,DOUBLE_SIDE,6
385,cmolfrvjy00yxouqmip0gsi2c,PP90811SS,PAMPHLET,PAMPHLET,90,8.5*11,OFFSET,SINGLE_SIDE,4
386,xmuncxeylzgph2oii05d0uil,PEN1,PEN,PEN,400,5.5,OFFSET,SINGLE_SIDE,2
387,rq7xc2xfmqm3bneqwxb86msj,PEN10,PEN,PEN,400,5.5,OFFSET,SINGLE_SIDE,2
388,mhuj8hpum9uuyopqlinjqd9u,PEN11,PEN,PEN,400,5.5,OFFSET,SINGLE_SIDE,2
389,kahuw4mg0rnzo28yij46kz2s,PEN12,PEN,PEN,400,5.5,OFFSET,SINGLE_SIDE,2
390,x6qnnaaxbdzwit1s731phhwu,PEN13,PEN,PEN,400,5.5,OFFSET,SINGLE_SIDE,2
391,u6iq97721ar2ekusi0lsrsd4,PEN14,PEN,PEN,400,5.5,OFFSET,SINGLE_SIDE,2
392,ojfvbbo8bgzzin5mrdaxsjsu,PEN15,PEN,PEN,400,5.5,OFFSET,SINGLE_SIDE,2
393,d9y1cw443p55xc96afqwvycj,PEN16,PEN,PEN,400,5.5,OFFSET,SINGLE_SIDE,2
394,bc989dysy1vcr288jjveii3k,PEN17,PEN,PEN,400,5.5,OFFSET,SINGLE_SIDE,2
395,ks7go0tkyfnngigduakatsxa,PEN18,PEN,PEN,400,5.5,OFFSET,SINGLE_SIDE,2
396,nrro2zdavyp3aczaw1iswjr6,PEN19,PEN,PEN,400,5.5,OFFSET,SINGLE_SIDE,2
397,nb8m1k9mznmk8zh66hgcqyzs,PEN2,PEN,PEN,400,5.5,OFFSET,SINGLE_SIDE,2
398,c006tmm7z7t8x78k9hllx6fv,PEN20,PEN,PEN,400,5.5,OFFSET,SINGLE_SIDE,2
399,cv1jbfvgcw6z784i2qz30dj0,PEN21,PEN,PEN,400,5.5,OFFSET,SINGLE_SIDE,2
400,twhw80gzznajxjqr9a2udkp6,PEN22,PEN,PEN,400,5.5,OFFSET,SINGLE_SIDE,2
401,k5yeazw483fo5pjb6dumgiow,PEN23,PEN,PEN,400,5.5,OFFSET,SINGLE_SIDE,2
402,ua65pvp07f91zvwgagdplqku,PEN24,PEN,PEN,400,5.5,OFFSET,SINGLE_SIDE,2
403,gn1nkdpajlrifejegpxar443,PEN25,PEN,PEN,400,5.5,OFFSET,SINGLE_SIDE,2
404,ppmvxm1erv7g8fuznpqj3p9v,PEN26,PEN,PEN,400,5.5,OFFSET,SINGLE_SIDE,2
405,i5of7lmu54ed8y6kfm773uh4,PEN27,PEN,PEN,400,5.5,OFFSET,SINGLE_SIDE,2
406,k6ju9e0ikiit9n9dsnqkx35x,PEN28,PEN,PEN,400,5.5,OFFSET,SINGLE_SIDE,2
407,wl39lzmyo3kxygzi6n6em91b,PEN29,PEN,PEN,400,5.5,OFFSET,SINGLE_SIDE,2
408,jykmjuyjxp0y7z5pxht4jd8f,PEN3,PEN,PEN,400,5.5,OFFSET,SINGLE_SIDE,2
409,kcjd2ln6aij0we5jvgmk7icg,PEN30,PEN,PEN,400,5.5,OFFSET,SINGLE_SIDE,2
410,wmleaj90cz5x9jm7kywmii04,PEN31,PEN,PEN,400,5.5,OFFSET,SINGLE_SIDE,2
411,o96p3l90buev884caidb5i9j,PEN32,PEN,PEN,400,5.5,OFFSET,SINGLE_SIDE,2
412,t2ml78kul54ddc4jt6oaionf,PEN33,PEN,PEN,400,5.5,OFFSET,SINGLE_SIDE,2
413,sxdqodmtn0ld1ppjclialclo,PEN34,PEN,PEN,400,5.5,OFFSET,SINGLE_SIDE,2
414,amre4ppk2utcbvfd7h0b1do9,PEN35,PEN,PEN,400,5.5,OFFSET,SINGLE_SIDE,2
415,hyd4oqkdvku9qm8urddu2tde,PEN36,PEN,PEN,400,5.5,OFFSET,SINGLE_SIDE,2
416,h7dwo7m2ys6200b6imo73bn2,PEN37,PEN,PEN,400,5.5,OFFSET,SINGLE_SIDE,2
417,j0fgm3ja2lliskmzrlobx6yj,PEN38,PEN,PEN,400,5.5,OFFSET,SINGLE_SIDE,2
418,dfllto74kqnkygwzgv9drm8q,PEN39,PEN,PEN,400,5.5,OFFSET,SINGLE_SIDE,2
419,byjqc37m88dyqas6nhlihpqt,PEN4,PEN,PEN,400,5.5,OFFSET,SINGLE_SIDE,2
420,i2xj7cvvsvot5gdud5jggiux,PEN40,PEN,PEN,400,5.5,OFFSET,SINGLE_SIDE,2
421,pjc99vpyg4l1kjqdl1w3cpms,PEN41,PEN,PEN,400,5.5,OFFSET,SINGLE_SIDE,2
422,o1bdaw7pr2yllul5bo18n8p8,PEN42,PEN,PEN,400,5.5,OFFSET,SINGLE_SIDE,2
423,o9031k44t0rgvlge0yqmkcx2,PEN43,PEN,PEN,400,5.5,OFFSET,SINGLE_SIDE,2
424,pmdkwos6t0by0nms8lhi8sez,PEN44,PEN,PEN,400,5.5,OFFSET,SINGLE_SIDE,2
425,ly51mf2gnds6ckxxagtkhp71,PEN45,PEN,PEN,400,5.5,OFFSET,SINGLE_SIDE,2
426,x97nn9q35ea9mif3emtw604m,PEN46,PEN,PEN,400,5.5,OFFSET,SINGLE_SIDE,2
427,c1h35nayt6bv1m97ra53vb2q,PEN47,PEN,PEN,400,5.5,OFFSET,SINGLE_SIDE,2
428,ohra0v9fnfv22ozsqd3j702p,PEN48,PEN,PEN,400,5.5,OFFSET,SINGLE_SIDE,2
429,f24bwcg7espimzdle0w8hsjt,PEN49,PEN,PEN,400,5.5,OFFSET,SINGLE_SIDE,2
430,kbumsa2nlbpez8jryp15wr1z,PEN5,PEN,PEN,400,5.5,OFFSET,SINGLE_SIDE,2
431,va56askokqb16unhg449l39x,PEN50,PEN,PEN,400,5.5,OFFSET,SINGLE_SIDE,2
432,oy1xkgk70z95gadtj0f4x7qw,PEN51,PEN,PEN,400,5.5,OFFSET,SINGLE_SIDE,2
433,vycd3v7e68dqcelljgu3ux8g,PEN52,PEN,PEN,400,5.5,OFFSET,SINGLE_SIDE,2
434,lcrftmha34zm25d5aiefo8za,PEN53,PEN,PEN,400,5.5,OFFSET,SINGLE_SIDE,2
435,hw3xzdxf9l4t87pxvawxsf7k,PEN54,PEN,PEN,400,5.5,OFFSET,SINGLE_SIDE,2
436,n0mba04mmtj0zocnfvbmidlw,PEN55,PEN,PEN,400,5.5,OFFSET,SINGLE_SIDE,2
437,tbg5qsyrlq5tdh7byqmwo646,PEN56,PEN,PEN,400,5.5,OFFSET,SINGLE_SIDE,2
438,maiw93v4pkrrr596x0cgats1,PEN57,PEN,PEN,400,5.5,OFFSET,SINGLE_SIDE,2
439,tibggddvwbs3y61j1xpbe4jc,PEN58,PEN,PEN,400,5.5,OFFSET,SINGLE_SIDE,2
440,r5r2oahrs00fuj6v5i3up4fv,PEN59,PEN,PEN,400,5.5,OFFSET,SINGLE_SIDE,2
441,o8wglbjs3y363iyaxw60ll65,PEN6,PEN,PEN,400,5.5,OFFSET,SINGLE_SIDE,2
442,utd3qr7g569bf77i3pvq26y0,PEN60,PEN,PEN,400,5.5,OFFSET,SINGLE_SIDE,2
443,ntkj5w0pjfvghjod0o3gpr6n,PEN61,PEN,PEN,400,5.5,OFFSET,SINGLE_SIDE,2
444,zfewjssamsiktynoeyr49nf8,PEN62,PEN,PEN,400,5.5,OFFSET,SINGLE_SIDE,2
445,ezoi4dj6f5gv0f69h6cd06wq,PEN63,PEN,PEN,400,5.5,OFFSET,SINGLE_SIDE,2
446,nlz8yink2gtucafqyu9wse98,PEN64,PEN,PEN,400,5.5,OFFSET,SINGLE_SIDE,2
447,oa76yjelta6tbaecn3cuiz27,PEN65,PEN,PEN,400,5.5,OFFSET,SINGLE_SIDE,2
448,zmlhwekj1b6nu7mk1ctomny8,PEN66,PEN,PEN,400,5.5,OFFSET,SINGLE_SIDE,2
449,rnxg59a5p7e1rsu68zsgt2nc,PEN67,PEN,PEN,400,5.5,OFFSET,SINGLE_SIDE,2
450,n83qk9kmd3xgxzm7w0saovq1,PEN68,PEN,PEN,400,5.5,OFFSET,SINGLE_SIDE,2
451,vsgl65wcy4nm3tbprelpd3qy,PEN69,PEN,PEN,400,5.5,OFFSET,SINGLE_SIDE,2
452,jcuc2rtedr6xpmrftf8saaem,PEN7,PEN,PEN,400,5.5,OFFSET,SINGLE_SIDE,2
453,hm73lcqrf96ggib0vfpi8pii,PEN70,PEN,PEN,400,5.5,OFFSET,SINGLE_SIDE,2
454,kn2xf5nxcugxdzj8z1uy8z9x,PEN71,PEN,PEN,400,5.5,OFFSET,SINGLE_SIDE,2
455,z6492b8l7nvyr9hn56cltwqg,PEN72,PEN,PEN,400,5.5,OFFSET,SINGLE_SIDE,2
456,dvobezu3aoh4yu9n6w8c3agi,PEN73,PEN,PEN,400,5.5,OFFSET,SINGLE_SIDE,2
457,ufjttoewjv1y4ao1ak53iixy,PEN8,PEN,PEN,400,5.5,OFFSET,SINGLE_SIDE,2
458,s8tg1p7a8nyxh55dihqiiyfv,PEN9,PEN,PEN,400,5.5,OFFSET,SINGLE_SIDE,2
459,prod_pp_file_punching,PP-FILE-PUNCH,PP Files with Punching,PP Files,300,12x18,OFFSET,SINGLE_SIDE,0
460,cmolfs1v000zkouqmvd0q8ngk,PVB1115,PVC BAG,PVC BAG,150,11*15,OFFSET,DOUBLE_SIDE,0
461,cmolfrzvx00zeouqmtz51hrn8,PVB1626,PVC BAG,PVC BAG,150,16*26,OFFSET,SINGLE_SIDE,0
462,cmolfs24q00zlouqm7f8u6n47,END45,DAWAI ENVELOP,READYMADE ENVELOPE,70,4*5,OFFSET,DOUBLE_SIDE,0
463,cmolfs0nh00zgouqm4906r0gu,END47,DAWAI ENVELOP,READYMADE ENVELOPE,70,4*7,OFFSET,DOUBLE_SIDE,3
464,cmolfs1lk00zjouqmz0yitykw,END58,DAWAI ENVELOP,READYMADE ENVELOPE,70,5.5*8,OFFSET,DOUBLE_SIDE,0
465,cmolfrdk800x7ouqmlncr5j5x,ENR7058,READYMADE ENVELOPE,READYMADE ENVELOPE,70,5.5*8,OFFSET,DOUBLE_SIDE,3
466,cmolfsabc010douqmultqhtsr,RC25069SS,REMIDER CARD,REMIDER CARD,250,6*9,OFFSET,SINGLE_SIDE,1
467,e338hypyzax71k1v3unllojy,OP1218,PRINTOUT,STICKER,250,12*18,DIGITAL,SINGLE_SIDE,0
468,cmolfrawn00wvouqm64frqe0j,STRH,READYMADE STICKER,STICKER,90,1*0.6,OFFSET,SINGLE_SIDE,14
469,cmolframb00wuouqmyoknmgty,STRM,READYMADE STICKER,STICKER,90,1*0.6,OFFSET,SINGLE_SIDE,14
470,cmolfrz4h00zaouqmsk8vvdut,ST12,STICKER,STICKER,90,1*2,OFFSET,SINGLE_SIDE,0
471,cmolfrzdx00zbouqm8md8bttv,ST1218,STICKER,STICKER,90,12*18,OFFSET,SINGLE_SIDE,0
472,cmolfrd1p00x5ouqm0rf81vyt,ST125175,STICKER,STICKER,90,1.25*1.75,OFFSET,SINGLE_SIDE,6
473,cmolfrbvg00wyouqmi1drsg6s,ST151,STICKER,STICKER,90,1.5*1,OFFSET,SINGLE_SIDE,6
474,cmolfrbfk00wxouqmsy7wwvcz,ST1575,STICKER,STICKER,90,1.5*0.75,OFFSET,SINGLE_SIDE,5
475,cmolfrb6400wwouqm71unixn0,ST175,STICKER,STICKER,90,1*0.75,OFFSET,SINGLE_SIDE,7
476,cmolfs3cj00zpouqm2vmsrjfs,ST21,STICKER,STICKER,90,2*1,OFFSET,SINGLE_SIDE,0
477,cmolfs3lx00zqouqmev7fzlgh,ST31,STICKER,STICKER,90,3*1,OFFSET,SINGLE_SIDE,0
478,cmolfs2e500zmouqmf8x8qt6s,ST53,STICKER,STICKER,90,5*3,OFFSET,SINGLE_SIDE,0
479,cmolfs12s00zhouqm3cq1fyzw,ST6*4,STICKER,STICKER,90,6*4,OFFSET,SINGLE_SIDE,1
480,lyy8x4wy2ewch2rff57rfrhk,ST3.5*4,STICKERS,STICKER,90,3.5*4,OFFSET,SINGLE_SIDE,0
481,rpiidky0y2f193ftg9lkwsjz,ST54,STICKERS,STICKER,90,5*4,OFFSET,SINGLE_SIDE,0
482,cmolfrwwd00z0ouqm4n2gkttz,VC250BS,VISITING CARD,VISITING CARD,250,3.5*2,OFFSET,DOUBLE_SIDE,5
483,cmolfrwn100yzouqm3qq20jc6,VC250SS,VISITING CARD,VISITING CARD,90,3.5*2,OFFSET,SINGLE_SIDE,5
484,cmolfrxf700z2ouqmu91sgs48,VC300BS,VISITING CARD,VISITING CARD,300,3.5*2,OFFSET,DOUBLE_SIDE,5
485,cmolfrx5v00z1ouqmsw5hfikr,VC300SS,VISITING CARD,VISITING CARD,300,3.5*2,OFFSET,SINGLE_SIDE,5
486,cmolfry3y00z4ouqmh5ahk201,VC350BS,VISITING CARD,VISITING CARD,350,3.5*2,OFFSET,DOUBLE_SIDE,5
487,cmolfrxom00z3ouqmupkna0fh,VC350SS,VISITING CARD,VISITING CARD,350,3.5*2,OFFSET,SINGLE_SIDE,5
488,cmolfrptw00yeouqmtxx5v8lp,XR1501115,XRAY BAG,XRAY BAG,150,11*15,OFFSET,DOUBLE_SIDE,0
489,cmolfrq3400yfouqmra0iya2z,XR1501621,XRAY BAG,XRAY BAG,150,16*21,OFFSET,DOUBLE_SIDE,1